{"count":1,"self":6.9635112,"total":7.2497289999999994,"children":{"AgentResetIfDone":{"count":334,"self":0.021072999999999998,"total":0.021072999999999998,"children":null},"AgentSendState":{"count":334,"self":0.049013,"total":0.079249,"children":{"CollectObservations":{"count":804,"self":0.030236,"total":0.030236,"children":null}}},"DecideAction":{"count":334,"self":0.14007899999999998,"total":0.14007899999999998,"children":null},"AcademyStep":{"count":334,"self":0.012208,"total":0.012208,"children":null},"AgentAct":{"count":334,"self":0.03243,"total":0.03243,"children":null}}}