{"cameraMode":{"drawMode":0,"name":"Shaded","section":"Shading Mode"},"sceneLighting":false,"audioPlay":false,"sceneViewState":{"showFog":true,"showMaterialUpdate":false,"showSkybox":false,"showFlares":true,"showImageEffects":true,"showParticleSystems":true},"in2DMode":false,"pivot":{"x":0.4400000274181366,"y":1.0099999904632569,"z":-28.989999771118165},"rotation":{"x":-0.13873550295829774,"y":0.17051783204078675,"z":-0.024257607758045198,"w":-0.9752394556999207},"size":4.805471897125244,"orthographic":false}